{"ABFRL": 112.72791798107255, "ACC": 18.93010752688172, "ADANIENT": 31.18702718355232, "ALKEM": 4.7943962690373825, "AMBUJACEM": 34.98111715465031, "APLAPOLLO": 8.923488045007032, "APOLLOHOSP": 4.833906464924347, "APOLLOTYRE": 45.2756298064174, "ASIANPAINT": 13.858621439443358, "ASTRAL": 7.096870532979375, "AUBANK": 36.59947334359867, "AUROPHARMA": 20.98341825332976, "AXISBANK": 26.780310380962415, "BAJAJ-AUTO": 7.041171314642668, "BAJAJFINSV": 22.79595763249762, "BAJFINANCE": 6.464420673216673, "BANKBARODA": 78.9628535140777, "BEL": 112.21071876116159, "BHARATFORG": 18.954570593347555, "BHARTIARTL": 21.492439694012713, "BOSCHLTD": 3.2207958176009295, "BRITANNIA": 5.8879429605193145, "CHOLAFIN": 23.38191175907856, "CIPLA": 12.698858830338196, "COALINDIA": 86.09275439899156, "COFORGE": 6.902679925086953, "COLPAL": 14.896103329406118, "CONCOR": 23.96534313585262, "CROMPTON": 69.22343472923203, "CUMMINSIND": 9.346611408166664, "DABUR": 43.60089994706194, "DIVISLAB": 6.105155224634023, "DIXON": 4.936794365493451, "DLF": 47.71359601936525, "DMART": 5.693098928652838, "DRREDDY": 15.939327211394303, "EICHERMOT": 5.638662141261385, "ESCORTS": 9.358325666973322, "FEDERALBNK": 69.27165957446809, "GAIL": 110.88133994690513, "GLENMARK": 21.72703721149317, "GODREJCP": 14.535517081861041, "GODREJPROP": 20.21389659571883, "GRASIM": 15.629166666666666, "HAVELLS": 16.854932339674445, "HCLTECH": 18.7385269734923, "HDFCAMC": 5.3439476606634155, "HDFCBANK": 33.086854964190316, "HDFCLIFE": 31.176113835398166, "HEROMOTOCO": 7.371408472377937, "HINDALCO": 23.860272016500808, "HINDPETRO": 71.88538636060323, "HINDUNILVR": 8.927467288562347, "ICICIBANK": 30.8396140928029, "ICICIGI": 6.406942311910507, "ICICIPRULI": 30.897740158755873, "IGL": 99.29668232530828, "INDHOTEL": 21.86350031000791, "INDIANB": 34.32432049428903, "INDIGO": 5.152496834563479, "INDUSINDBK": 35.168182818297005, "INDUSTOWER": 74.79029022335162, "INFY": 18.649927658006597, "IOC": 256.7981033707865, "ITC": 89.87201525402402, "JINDALSTEL": 35.350591321358706, "JIOFIN": 144.73147533166437, "JKCEMENT": 6.46220818244857, "JSL": 56.77179398944712, "JSWSTEEL": 23.441346331935815, "JUBLFOOD": 30.110118979652423, "KOTAKBANK": 11.967745156194022, "LICHSGFIN": 25.28645870511814, "LT": 16.583960432439884, "LUPIN": 9.043837734951225, "M&M": 12.914902104606199, "M&MFIN": 73.24494864737866, "MARICO": 25.424249092309385, "MARUTI": 3.5106323447118073, "MFSL": 15.632785109597242, "MOTHERSON": 112.01547222363999, "MPHASIS": 8.838127906359956, "MUTHOOTFIN": 8.674011368498258, "NAUKRI": 3.3686983361123923, "NESTLEIND": 8.418452313057081, "NTPC": 49.08306169312477, "OBEROIRLTY": 14.134039067900124, "OFSS": 8.634179894179894, "ONGC": 112.22944706843283, "PAGEIND": 1.8195372750642673, "PETRONET": 75.03838748495788, "PFC": 103.35053364967146, "PIDILITIND": 6.856197541183436, "PIIND": 5.862147079949168, "POLYCAB": 10.898421719333083, "POWERGRID": 108.74368143977512, "PRESTIGE": 18.20798043960476, "RAMCOCEM": 35.88434592856323, "RBLBANK": 159.12967198220497, "RELIANCE": 27.80158349820975, "SBICARD": 14.23553410484774, "SBIN": 40.29970151624453, "SHREECEM": 3.718427485062466, "SIEMENS": 5.132563912440762, "SRF": 12.815754173290937, "SUNPHARMA": 12.618035221727137, "SYNGENE": 17.823061760841, "TATACHEM": 16.42025655196486, "TATACOMM": 8.079960261141073, "TATACONSUM": 14.656685225125813, "TATASTEEL": 100.49079064008217, "TCS": 7.970277045976035, "TECHM": 30.22108313513218, "TITAN": 7.086106955871354, "TORNTPHARM": 6.171605426050309, "TORNTPOWER": 20.651097153760535, "TRENT": 7.094582451665266, "TVSMOTOR": 10.21269910066096, "ULTRACEMCO": 4.407410026161352, "UPL": 33.76611565992069, "VBL": 36.51835416745345, "VOLTAS": 36.03318113059555, "ZYDUSLIFE": 21.50297819083598}