{"ABB": 4.993006993006993, "ABFRL": 112.72791798107255, "ACC": 8.891546536448434, "ADANIENT": 31.18702718355232, "ALKEM": 2.0889832786708964, "AMBUJACEM": 53.781001137656425, "APLAPOLLO": 14.722477522477522, "APOLLOHOSP": 5.243541137385186, "APOLLOTYRE": 71.53519561939528, "ASIANPAINT": 11.98620808957665, "ASTRAL": 14.887026708141157, "AUBANK": 27.27275419180516, "AUROPHARMA": 20.98341825332976, "AXISBANK": 43.1002450075516, "BAJAJ-AUTO": 6.027698933150631, "BAJAJFINSV": 57.61763614976209, "BAJFINANCE": 7.327213870781783, "BANKBARODA": 78.9628535140777, "BEL": 112.21071876116159, "BHARATFORG": 25.088374197562285, "BHARTIARTL": 18.470743553802524, "BHEL": 206.40107065246198, "BOSCHLTD": 2.3446124763705103, "BRITANNIA": 5.20793818054092, "BSOFT": 54.340791587556595, "CHOLAFIN": 19.250212500708336, "CIPLA": 9.154275334111846, "COALINDIA": 37.453768966355334, "COLPAL": 5.995136693646438, "CROMPTON": 104.30891778062626, "CUMMINSIND": 5.499182498937248, "DABUR": 52.373606314750866, "DEEPAKNTR": 9.876172364610797, "DIVISLAB": 10.530413585498332, "DLF": 47.71359601936525, "DMART": 10.277868325112589, "DRREDDY": 37.27471898223644, "EICHERMOT": 6.0269327987448795, "ESCORTS": 9.358325666973322, "FEDERALBNK": 31.526596373323454, "GAIL": 137.91223681467585, "GLENMARK": 19.20046112463174, "GODREJCP": 12.832580931434965, "GODREJPROP": 8.390127221898313, "GRANULES": 38.17603115314313, "GRASIM": 15.396396177321693, "HAVELLS": 17.16590705737613, "HCLTECH": 17.370329740552975, "HDFCAMC": 6.74512369759518, "HDFCBANK": 32.312390297317755, "HDFCLIFE": 27.21335214864093, "HEROMOTOCO": 10.38020989097632, "HINDALCO": 40.15451409383649, "HINDPETRO": 32.372317233821796, "HINDUNILVR": 16.449358022419933, "ICICIBANK": 38.86569269625919, "ICICIGI": 10.68072147123546, "ICICIPRULI": 20.578064089857946, "IDEA": 6133.844980793726, "IDFCFIRSTB": 474.22045549410416, "IGL": 99.29668232530828, "INDHOTEL": 18.58006863829867, "INDIANB": 34.32432049428903, "INDIGO": 8.880462125092482, "INDUSINDBK": 35.168182818297005, "INDUSTOWER": 62.410725215049574, "INFY": 25.085225949054212, "IOC": 256.7981033707865, "IRCTC": 62.61112195359957, "ITC": 33.03376083917922, "JINDALSTEL": 30.46772973124457, "JIOFIN": 569.7637774623549, "JKCEMENT": 5.327770408778488, "JSL": 31.1612826764188, "JSWENERGY": 65.95667533593411, "JSWSTEEL": 32.175797209608255, "JUBLFOOD": 26.52977039823583, "KEI": 11.423468180742844, "KOTAKBANK": 11.066131167668878, "LICHSGFIN": 25.28645870511814, "LT": 17.855458689694114, "LTTS": 3.630463752665245, "LUPIN": 16.016313140391876, "M&M": 16.104332564110898, "M&MFIN": 154.13170238204728, "MANAPPURAM": 62.749133631983774, "MARICO": 24.88952105978261, "MARUTI": 4.398670371394074, "MFSL": 17.81328620438715, "MGL": 13.374074074074073, "MOTHERSON": 124.61069567698244, "MPHASIS": 8.838127906359956, "MUTHOOTFIN": 14.524394625278436, "NAUKRI": 4.365078369905956, "NESTLEIND": 12.15558629973078, "NTPC": 58.16629608704368, "OBEROIRLTY": 10.665859380912737, "OFSS": 8.634179894179894, "ONGC": 139.53146603098926, "PAGEIND": 1.6051858474901008, "PETRONET": 57.99857934857935, "PIDILITIND": 7.3601018469870265, "PIIND": 9.656361930752174, "POLYCAB": 10.898421719333083, "POWERGRID": 111.85675332152829, "PRESTIGE": 12.762459204375055, "RAMCOCEM": 23.133389074693422, "RBLBANK": 159.12967198220497, "RELIANCE": 31.881782430038445, "SBICARD": 15.804232308077019, "SBIN": 47.72861737328756, "SHREECEM": 2.211248112732763, "SIEMENS": 7.665518716096067, "SRF": 12.280224772835963, "SUNPHARMA": 15.175026936430026, "SYNGENE": 29.67606524212922, "TATACHEM": 35.705051033760796, "TATACOMM": 11.512564214885906, "TATACONSUM": 11.903354280359407, "TATASTEEL": 118.66597219176279, "TCS": 9.912926022231924, "TECHM": 14.257269646831979, "TITAN": 10.019125585385908, "TORNTPHARM": 4.538123232293317, "TORNTPOWER": 20.651097153760535, "TRENT": 7.094582451665266, "TVSMOTOR": 16.691242055370033, "ULTRACEMCO": 3.2288769850315324, "UPL": 28.044308773309094, "VBL": 34.50725798444481, "VOLTAS": 31.828194295011414, "ZYDUSLIFE": 20.523828201608158}